season	episode	clip	text	label
S05	E16	329	apparently, teens are drinking the slushie stuff inside of these for the alcohol.	Inform
S06	E06	589	we are the manager.	Introduce
S06	E02	25	that is not true, marcus.	Oppose
S05	E16	219	eh, if i did, i'd have to change it on my debit card too.	Leave
S05	E19	506	yeah, he has, like, no respect for the permit.	Complain
S05	E10	325	how are things going over there?	Care
S05	E08	428	what is this you're sprinkling?	Care
S05	E12	358	it's the business that we were gonna start.	Introduce
S06	E07	601	you were a great roommate.	Praise
S04	E17	434	i actually just bought some stock in a drone company.	Inform
S05	E11	27	heather, you're in housewares.	Arrange
S05	E14	54	oh, okay. no worries.	Comfort
S05	E06	206	hey!	Greet
S04	E10	375	there's, like, eight of us, that's more of a walk.	Complain
S04	E08	105	hey, denise, these are friends of mine	Introduce
S05	E08	418	yes, of course!	Agree
S05	E08	149	hi, i'm amy sosa, store manager.	Introduce
S04	E03	388	how am i supposed to work checkout?	Complain
S06	E04	542	okay, all right, new rule: no one can be mad about whatever was said in this room, okay?	Inform
S05	E12	32	hey, guys, myrtle's nephew just came in	Inform
S04	E09	486	again, i'm sorry about the typo.	Apologise
S05	E08	537	yeah.	Agree
S05	E21	201	oh, we could get, like, a red bull fountain.	Advise
S04	E16	494	sandra, code cottontail.	Inform
S04	E13	472	you were the one who said he should be telling her.	Criticize
S05	E08	337	mateo, give him the gift card.	Arrange
S04	E03	84	this one smells like peanut butter.	Introduce
S05	E16	27	also there's a product locator, an inventory map	Inform
S05	E15	258	kira moon from zephra will be  surprising  us	Inform
S06	E05	74	yeah, you know, this is actually exactly	Agree
S05	E06	229	thank you.	Thank
S05	E17	95	oh, hey, glenn.	Greet
S05	E08	489	glenn, take this down. sandra, keep going.	Arrange
S05	E11	487	jonah, i wasted my afternoon in that meeting just to go along with your new cause	Complain
S05	E07	189	anyone who ripped up their workbook has failed.	Inform
S04	E07	301	why didn't you just shout,  hey glenn	Complain
S05	E11	149	never forget how fun you are, jonah.	Taunt
S05	E13	15	um, and jonah and justine, you get to help out tomorrow when the rest of the shipment comes in.	Arrange
S05	E21	16	you're smart, hardworking	Praise
S05	E13	80	that's crazy. you can't do that.	Prevent
S04	E04	57	i'm doing very well.	Flaunt
S05	E07	34	great, thanks. also, did you know	Thank
S04	E09	398	and such a massive waste of time	Complain
S05	E07	603	so maybe marcus could join us?	Advise
S05	E08	126	you can donate to our toy drive.	Advise
S05	E18	328	and you've taken him to a doctor, and he's doing fine?	Care
S05	E10	491	sure, thanks.	Thank
S05	E11	256	but i could really use the help.	Ask for help
S05	E11	93	garrett, do you mind if i use your phone?	Ask for help
S04	E16	287	he's been spotted in the vicinity.	Inform
S06	E02	503	how's the search going?	Care
S05	E16	358	why don't you buy the dryer balls?	Advise
S05	E06	287	elias did a great job with the crepe paper, though.	Praise
S05	E09	182	don't worry about it.	Comfort
S04	E03	387	these customers are so handsome.	Praise
S05	E08	100	no, things are good.	Comfort
S05	E17	555	bye, jonah.	Leave
S04	E06	155	i've never been so tired.	Complain
S05	E08	17	hi, i'm mateo liwanag	Introduce
S06	E09	229	it's actually super distracting.	Complain
S05	E06	386	amazing. thank you, dina.	Thank
S05	E20	236	turn all the screens in electronics to mtv.	Arrange
S05	E13	216	okay, buddy, you're being weird.	Taunt
S05	E07	556	turt-turt, we're out of here.	Leave
S06	E06	26	no, it's that we no longer have to sanitize	Inform
S05	E09	440	yeah, yeah, you're good. you got this.	Praise
S06	E03	372	we can't trust him about anything.	Complain
S05	E09	428	i'm just checking to see if he and mateo are hitting it off.	Care
S04	E03	256	thank you for bringing that to my attention.	Thank
S06	E05	215	cool, let's all give credit to jonah for janet's idea.	Praise
S05	E14	493	i'm sorry.	Apologise
S05	E18	27	oh, my god, he's so cute. my ovaries are exploding.	Praise
S04	E08	91	the point is, sayid, you're home now.	Inform
S04	E12	459	'cause he eats a lot of sugar, so he'd be the sweetest.	Joke
S04	E17	151	we can see that, big guy. just get out of the way.	Prevent
S06	E01	210	so, employees must wipe down the register and credit card machine after each customer	Inform
S05	E19	341	hey, tommy, some guy with no pants just joined the protest.	Inform
S05	E07	291	why, so you can steal a quart of our pink soap?	Criticize
S05	E11	449	yeah, it feels kinda good.	Praise
S06	E10	420	because the ducklings were having a tea party	Introduce
S06	E01	260	oh, great, more reasons for the wet-lips to yell at me.	Taunt
S05	E20	274	go ahead. don't worry, i've--i've--	Comfort
S05	E06	16	uh, actually, i got tired of explaining	Complain
S04	E11	508	what, so they can slap the other cheek?	Taunt
S06	E07	328	kelly came over from fenton to cover a shift.	Inform
S04	E12	380	because he thinks he's better than everyone else here.	Taunt
S05	E07	264	i have zero control over my employees.	Complain
S04	E07	112	why would we even do it? what're we doing it for?	Complain
S04	E01	211	and for women, it's that i got taken advantage of?	Complain
S06	E05	536	our corona tests came back negative.	Introduce
S05	E10	406	and after all of that, we still can't afford rent	Complain
S04	E06	75	my name's kimmer with a k.	Introduce
S05	E08	217	you could tell 'em your story.	Advise
S05	E08	502	sorry, i should really get going.	Leave
S05	E06	12	you two are gonna be managing	Arrange
S05	E14	207	there is still a lot that needs to get done, and it is crunch time.	Inform
S06	E02	252	it wasn't- it wasn't that.	Oppose
S06	E07	455	and it's the best thing that's ever happened to me.	Flaunt
S04	E06	365	that's an interesting choice.	Praise
S04	E14	273	excuse me, folks, can everyone gather up?	Inform
S05	E20	265	glenn, you smell scared. what's up?	Care
S05	E16	477	dina, i am sorry that i said nobody likes you.	Apologise
S06	E01	87	but for now, they want everybody to know that,  we value our employees' dedication.	Inform
S04	E13	406	thank you.	Thank
S05	E09	522	test the shelves, make sure they, um	Arrange
S05	E08	525	jonah, why are you filming this?	Criticize
S05	E14	161	hey, dina. everything okay?	Care
S05	E07	297	yep.	Agree
S05	E06	94	you could eat yourself to death and no one would care.	Joke
S05	E14	261	here, take my card. there's a link to the web--	Introduce
S05	E16	212	maybe you should just mute her.	Advise
S05	E02	65	look, i know you like to be everyone's but that's not how i live my life.	Oppose
S04	E17	350	it's a traditional honduran food.	Introduce
S06	E01	21	so i'm still gonna be working with you guys.	Inform
S04	E06	441	i am dealing with a lot today.	Complain
S04	E13	300	can't you just cover it up?	Advise
S05	E11	505	oh, that's so sweet.	Praise
S04	E05	491	yeah. thank you.	Thank
S05	E10	327	she's out of commission for the rest of the day	Inform
S05	E12	327	thanks.	Thank
S05	E21	89	you have to have a party.	Advise
S05	E15	94	classy move, zephra.	Praise
S06	E01	438	this man is harassing me	Criticize
S06	E03	498	for instance, i think we should stagger our shift start times	Advise
S06	E03	67	i mean, dusty mint stinks.	Complain
S05	E16	538	sorry, that sounded really callous.	Apologise
S05	E17	554	sandra, could you bring home some magazines?	Ask for help
S06	E09	597	nice job.	Praise
S05	E11	503	what's wrong with your head?	Care
S05	E13	26	we haven't even gotten a chance to talk yet.	Complain
S05	E21	518	what's going on here?	Care
S05	E11	382	what if we call it  the octagon.	Advise
S06	E01	495	amy might have abandoned us a little, but we're fine!	Comfort
S05	E10	161	need any help with whatever this is?	Care
S04	E14	440	blaine is sexy, but he is not a good manager.	Criticize
S05	E13	369	well, i am gonna show her just how many items	Inform
S05	E21	98	sorry.	Apologise
S04	E08	358	that guy's always making up stuff about people.	Criticize
S06	E10	454	i have been nervously holding my pee for six hours	Complain
S06	E01	32	whoa! the nba just announced they're suspending the season.	Inform
S04	E16	366	also, what's with the weirdly intimate stares?	Complain
S05	E14	446	damn it, dina. you had one job.	Complain
S05	E07	153	attention employees. uh, listen up.	Inform
S06	E01	412	hey, amy, i dropped my mask...	Inform
S06	E02	320	well, i'm sure you'll figure something out.	Comfort
S05	E08	246	yeah, just traveling the world shirtless.	Joke
S04	E04	168	hey man, why did you have to point out this stupid halloween song?	Complain
S06	E08	118	why did this happen? am i a bad person?	Complain
S05	E17	542	hey, jerry.	Greet
S04	E11	166	no, no, no, no, no. don't help him.	Prevent
S05	E07	24	hey, guys, sorry to give you a scare there.	Apologise
S04	E04	333	my jewish bird joke is so good	Flaunt
S06	E02	113	thanks!	Thank
S04	E12	337	game of thrones  season one	Introduce
S05	E07	345	okay.	Agree
S05	E21	305	how about everybody's got roller skates	Advise
S05	E21	481	hey.	Greet
S05	E11	188	that's--that's a good thing.	Praise
S05	E14	200	you go. get ready.	Arrange
S05	E11	399	perhaps going forward,we could all focus on--on the issues that we have here at--at work.	Advise
S05	E13	530	oh, thank you.	Thank
S04	E14	411	hey, so i guess we're just out of green beans.	Inform
S06	E04	568	it's gonna be all about the moon before you know it.	Inform
S06	E03	220	so we're gonna let the people decide.	Inform
S05	E19	283	i'll get right on it. sorry, boss.	Leave
S06	E05	127	anyway, the point is i'm just so sorry.	Apologise
S06	E03	462	oh, and you're not allowed to shop here anymore.	Inform
S04	E04	85	i'll reach out to the manufacturer.	Inform
S05	E11	440	thank you.	Thank
S05	E10	44	while i waste my talents in the vision center.	Complain
S06	E08	475	then why were you yelling at him when it happened?	Criticize
S04	E04	220	this same song keeps playing over and over again, and it's starting to drive me crazy.	Complain
S05	E16	571	um, i'm gonna go make a call	Leave
S04	E16	261	you have got to stop watching this.	Prevent
S05	E08	7	i am in the middle of something, dummy.	Criticize
S05	E13	25	the time difference with ghana is so tricky.	Complain
S05	E14	48	and my liver is on high alert.	Inform
S05	E11	120	you just need to go up to her and go	Advise
S04	E05	77	i'm dr. sidian, i'm the attending on the floor.	Introduce
S05	E11	266	look, sandra, i think maybe she needs to hear it from you.	Advise
S05	E21	312	yo, don't write that down.	Prevent
S05	E09	259	and apologize to customers when these two can't hack it.	Arrange
S04	E10	171	but don't let it wear you out.	Inform
S04	E08	92	and on behalf of everyone in america, we welcome you.	Inform
S05	E08	61	this week, enjoy 20% off	Inform
S05	E14	522	everything okay?	Care
S06	E09	6	i'm sorry, guys.	Apologise
S05	E15	454	i think ellen degeneres dances too much!	Complain
S04	E13	262	oh, listen, you--you do not have to worry about that, okay?	Comfort
S04	E16	528	and i think it's pretty messed up	Complain
S04	E04	397	okay then, contest back on.	Inform
S05	E14	337	jonah, what are you doing?	Care
S05	E15	3	zephra has sent us a little break room upgrade	Inform
S05	E14	380	but you're going to be fine.	Comfort
S05	E13	388	who cares? who cares? don't worry about it.	Comfort
S05	E15	455	it's unprofessional!	Complain
S05	E12	181	and i just wanted to tell you that dina... passed away.	Inform
S05	E17	391	oh, that is awesome.	Praise
S05	E13	89	um, it's the display for the new zephra products.	Introduce
S04	E01	480	all right, guys, well, this is your last chance	Inform
S05	E08	520	well, technically, you can suck it!	Criticize
S04	E16	52	happy easter.	Inform
S05	E15	197	why is everybody being so cynical about this?	Complain
S05	E10	458	oh, that does sound nice.	Praise
S05	E15	289	that's embarrassing.	Complain
S05	E16	525	you would know if you didn't make me skip to the end of the story!	Criticize
S05	E12	217	it's best to just pretend you've passed out, okay?	Advise
S04	E08	137	okay, here are your lanyards and your room keys.	Inform
S06	E01	246	the ink's starting to turn our butts weird colors.	Complain
S05	E18	83	mm-hmm, and his proportions are a dream.	Praise
S05	E15	453	i think i voted wrong!	Complain
S06	E04	486	so i say turn every golf course into a solar farm.	Advise
S04	E03	13	sorry for accidentally texting you that nude.	Apologise
S05	E17	526	our people are struggling, amy.	Complain
S05	E07	384	i'm just a dumb, useless butt.	Complain
S05	E11	378	why don't we set some ground rules	Advise
S05	E08	32	yeah, i think so.	Agree
S05	E08	122	excuse me, where do you keep your transformers?	Ask for help
S06	E04	64	you're taking a trip to bruise town.	Arrange
S05	E11	3	zephra is just our new parent company.	Inform
S05	E13	79	okay, no, no. mateo, no.	Prevent
S04	E07	368	see? this is easy for me.	Flaunt
S05	E08	148	yep, they gotta go.	Leave
S05	E10	73	you doing okay with all this?	Care
S05	E15	74	he's a scam artist.	Inform
S05	E13	480	this whole interview process was a fake.	Complain
S04	E02	302	all right, well, i'll see y'all later.	Leave
S05	E12	294	i just hope that you don't go around	Advise
S05	E15	132	fine!	Agree
S05	E07	426	for a very special parade.	Inform
S04	E04	53	my feet are so swollen i can barely stand.	Complain
S05	E09	252	i haven't even been able to go on instagram.	Complain
S05	E13	166	i just found out that, um, i got a work permit.	Inform
S04	E07	429	you are grossly incompetent and unpleasant to be around	Criticize
S06	E05	12	effective immediately, cloud 9 will no longer keep black haircare products in locked cases.	Inform
S06	E03	613	and i do have an update on the breadsticks.	Inform
S06	E09	354	but you haven't because you're afraid	Taunt
S05	E16	248	i'm so fricking cold.	Complain
S06	E03	597	did you get hurt before?	Care
S05	E12	128	this is a pyramid scheme.	Complain
S05	E12	452	hey, dina, your dad's looking for you.	Inform
S06	E08	486	do you want us to give you a trophy?	Taunt
S06	E06	44	anyway, dina, don't worry about it.	Comfort
S04	E06	460	i am wearing frozen diapers	Complain
S05	E09	290	hey, sweetie. hey, garrett.	Greet
S05	E08	229	you stole my mark?	Criticize
S05	E21	110	oh, i don't think it's that.	Oppose
S05	E08	239	molly, hand these out, please.	Arrange
S06	E02	250	okay, cool, 'cause you seemed uncomfortable	Care
S05	E17	574	you should go find justine.	Advise
S04	E03	164	on behalf of store 1217, it is my privilege	Flaunt
S04	E09	139	god, you're a fast learner.	Praise
S05	E18	298	your faces look like butts.	Taunt
S04	E05	179	i--i like it here. that other hospital was snobby.	Complain
S04	E02	406	how about we keep this party train rolling	Advise
S05	E17	468	you're gorgeous really, for your cohort.	Praise
S05	E20	489	the margs are here.	Inform
S06	E02	291	i will see you, uh, in a little bit.	Leave
S05	E07	96	yeah, that sounds fun. i'm in.	Agree
S04	E11	450	i got clipped by a kia on the highway, amy!	Complain
S04	E03	239	you shoved me, amy! what is wrong with you?	Criticize
S05	E08	322	you win it in a raffle or something?	Taunt
S05	E16	352	hello?	Greet
S06	E04	68	can you please switch me anywhere?	Ask for help
S05	E15	41	yes!	Agree
S04	E17	284	thank you for those kind words, jonah.	Thank
S04	E03	119	oh! absolutely. without a doubt.	Agree
S06	E02	509	feels pretty bad.	Complain
S04	E16	8	spring frozen yogurt flavors, check.	Inform
S06	E05	515	oh, wow. yeah--thanks.	Thank
S04	E11	312	but i logged 8,000 steps.	Flaunt
S04	E06	37	i'm just exhausted and sore and hormonal	Complain
S05	E14	248	oh, thanks.	Thank
S06	E09	15	now, we've noticed some of your masks are getting dingy.	Inform
S06	E08	3	that this is made out of polyvinyl chloride	Introduce
S05	E02	112	i even went out and bought a camera phone.	Flaunt
S04	E04	73	i'm 'gerry mander'.these are all gerrymander.	Introduce
S05	E12	86	hey, glenn, how you holding up?	Care
S05	E17	464	i was definitely not flirting.	Oppose
S04	E03	401	i'm carol, i'm a jealous psycho stalker who can't take	Taunt
S05	E14	103	okay, i'm going to hit the little cowboys' room.	Leave
S05	E15	410	but don't worry, i have a solution.	Comfort
S05	E11	330	give them a voice, you know?	Advise
S04	E12	160	okay, we have no idea how long we're gonna be stuck here, so we need to ration our food.	Inform
S06	E04	400	what, so because i'm manager, i have to help people poop their emotions all over the place?	Complain
S05	E10	512	because corporate sucks and everybody always sucks.	Complain
S05	E07	134	good.	Praise
S06	E01	200	okay, um, some good news.	Inform
S06	E03	555	so starting tomorrow, you will do what i tell you to do	Arrange
S04	E14	148	glenn, it's--it's going to be okay.	Comfort
S04	E13	305	you've never been sarcastic with me before.	Criticize
S04	E01	77	these are all excellent ideas, thank you.	Praise
S04	E02	109	you could always return this one for a safer car seat.	Advise
S05	E20	88	filled up on bread  is gonna go on her gravestone.	Joke
S05	E09	273	what i need from the two of you is less of this	Taunt
S05	E21	240	really fresh perspective.	Praise
S05	E08	150	hi.	Greet
S05	E07	118	that will fit jerry's big ol' melon.	Joke
S05	E06	418	amy, you need to go change into leather sandy right now.	Arrange
S05	E07	550	hey, you guys. i'm sorry, bo.	Apologise
S05	E19	124	well, why don't you just hire somebody on busybee?	Advise
S04	E16	300	they're gross.	Complain
S05	E14	467	carol, you can't do that!	Prevent
S05	E13	377	sandra, block her with your body!	Arrange
S05	E07	267	you just need to find a way to show maya that you mean business.	Advise
S04	E03	169	yes. it's one of cloud 9's highest honors.	Inform
S05	E06	138	look, it's... it's almost done. you don't have to worry.	Comfort
S05	E16	333	we're a little delayed because amy was busy mean-girling me.	Criticize
S04	E08	534	so, i ran your social security.	Inform
S04	E01	433	what a stupid waste of a first question.	Complain
S05	E19	161	sayid doesn't want to work in housewares.	Inform
S06	E02	297	yeah--oh, hey, i apologize for jonah's murder joke.	Apologise
S04	E02	202	you're a good friend.	Praise
S04	E14	6	i am stepping down to spend more time with my family.	Inform
S06	E04	66	dina, you have justine and me at the same register	Inform
S06	E06	361	fine.	Agree
S05	E06	15	on whatever dumb metaphor his costume's supposed to be.	Taunt
S04	E09	278	we don't have room for that.	Complain
S06	E02	231	she seems...really nice.	Praise
S05	E17	431	how is stealing packages from poor people	Criticize
S04	E04	322	i was legitimately offended.	Complain
S05	E15	36	wait, wait.	Prevent
S05	E07	333	green beans are now the normal price.	Inform
S05	E10	164	ooh, amy, how's union stuff going?	Care
S06	E04	547	but i've never seen anyone worse at this job.	Praise
S05	E20	538	all right, garrett, give everyone their money back, and then all of you get back to work.	Arrange
S05	E16	222	hey, man.	Greet
S04	E07	135	this is who we're visiting.	Introduce
S04	E06	39	and i'm wearing pajamas, and i'm just a mess.	Complain
S05	E21	459	hey, mateo, can i ask you something	Ask for help
S05	E13	287	you know what? i'm tired of everybody thinking of me as just your boyfriend, okay? even garrett sees me like that.	Complain
S06	E01	114	just pick a conditioner and keep moving.	Arrange
S04	E02	247	hey.	Greet
S04	E10	168	yeah, no, i'm sorry.	Apologise
S05	E15	464	i'm going to the chesterfield store	Leave
S05	E17	347	your total is $26.17.	Inform
S06	E06	550	take a breath, man. you're not getting fired.	Comfort
S05	E18	423	stop saying that. all moms are full-time moms.	Prevent
S05	E20	77	i'm sorry for the jargon, jonah.	Apologise
S05	E12	51	it's the way of the world. the rich get richer.	Complain
S05	E13	529	so your new desk is gonna be here in three days.	Inform
S05	E10	24	relax. i honestly think this is all gonna work out.	Comfort
S05	E15	25	okay, mateo, on three. ready?	Arrange
S05	E15	306	the zephra corporate guidelines and look up what it says	Advise
S05	E10	464	it's a great color.	Praise
S05	E16	291	we have to put out red label warnings.	Inform
S05	E09	198	he seems super cool.	Praise
S04	E01	493	dina! it went great!	Praise
S04	E07	394	yes, thank you for all the help.	Thank
S06	E07	569	dina assigned me to hang out with you today	Inform
S04	E16	389	me amy. me prep for 5k.	Joke
S05	E13	53	so you're gonna have to find someone yourself to cover.	Advise
S04	E17	403	okay, okay, it's--it's--it's gonna be okay.	Comfort
S05	E10	386	it's not your fault that you don't get the ins and outs	Comfort
S05	E16	575	well, i'm gonna go do something else then.	Leave
S04	E08	114	relax, they vet these guys for years.	Comfort
S05	E16	102	you should really change that back, dina.	Advise
S05	E07	526	don't worry. i'm not gonna squirt anyone.	Comfort
S05	E16	293	dina, you can't just text me something like that.	Criticize
S05	E13	498	okay, well, how about weekends off?	Advise
S04	E08	506	and they get paid ten times as much as us.	Complain
S06	E02	478	well, it's still very cool.	Praise
S05	E09	287	you should meet him.	Advise
S04	E10	467	there's a blank spot where you can write in your name.	Inform
S05	E09	235	i don't consent to this conversation.	Oppose
S04	E02	187	oh, i don't see how that could possibly be true.	Complain
S05	E15	409	well, sounds like you got a lot going on	Care
S05	E07	262	it doesn't even matter.	Complain
S05	E10	223	or do your customers also prefer cashiers with tendinitis?	Taunt
S05	E17	314	why don't you read the note?	Advise
S06	E03	606	oh, i'm sorry.	Apologise
S05	E14	117	but then we just did a bunch of whip-its in the dj's van, and it was great.	Praise
S05	E09	378	yeah, i'm sorry, but there's no order here.	Apologise
S05	E18	96	the prizes are in the cereal!	Inform
S05	E10	216	yeah, thanks. i'm--i'm just browsing today.	Thank
S06	E10	525	don't feel guilty.	Comfort
S04	E01	500	and so i delegated, and i problem-solved	Flaunt
S04	E07	69	wait, what are you doing? don't--don't put it back.	Prevent
S06	E08	62	sure you're gonna be okay?	Care
S05	E07	342	it's got a secret ingredient.	Introduce
S05	E20	283	i left all my felt tips uncapped in the security office,and those are just gonna be drying out like crazy,so i just need to go.	Leave
S04	E10	464	all right, everybody, you did it	Inform
S05	E08	555	you look way too happy.	Taunt
S04	E06	304	okay, i'm sorry. proceed.	Apologise
S06	E09	580	thank you.	Thank
S05	E17	219	yeah, actually, it would be really helpful	Praise
S04	E13	201	it's called  you can do it.	Introduce
S04	E05	269	oh, it's so clean and comfortable.	Praise
S04	E16	467	you're the ones who have been sitting in here, talking about me behind my back.	Criticize
S04	E02	535	oh, finally. come get me down.	Ask for help
S05	E21	424	that's great.	Praise
S06	E06	212	i'm so sorry, sandra.	Apologise
S04	E10	6	uh, i'm amy sosa.	Introduce
S05	E10	92	thank you.	Thank
S05	E16	456	whoa, calm down.	Comfort
S05	E19	224	oh, my god. don't touch it.	Prevent
S05	E14	289	this place has line dancing at 10:00	Inform
S05	E08	562	um, well, i like when jerry cooks me my favorite meal.	Praise
S05	E02	24	absolutely not.	Oppose
S04	E10	31	we should--we'll just go.	Leave
S05	E10	123	don't worry.	Comfort
S05	E06	406	security office, now!	Inform
S05	E16	53	i just don't love handing giant corporations a way to get my address, my contacts, and all of my passwords.	Complain
S04	E16	521	see you at glenn's show.	Leave
S04	E07	201	oh, come on. give me some credit.	Complain
S05	E09	588	how's curbside going?	Care
S06	E02	36	okay, we're gonna be in this meeting forever	Inform
S05	E15	535	you lied about mental distress?	Criticize
S06	E10	509	okay. they left the break room.	Inform
S06	E10	4	now, cloud 9's lawyer will also be present.	Inform
S05	E08	321	how did you become manager?	Taunt
S05	E02	25	engagement party is not a maid of honor duty.	Oppose
S05	E13	320	sandra, no. you leave it up.	Arrange
S04	E16	180	but instead, he mocks me behind my back.	Complain
S06	E04	604	how do you feel, justine?	Care
S05	E10	3	here, to remind you.	Inform
S04	E08	272	anyway, i'm definitely the legal kind.	Flaunt
S05	E14	61	no, no, take your time.	Comfort
S04	E12	367	can you stop doing that?	Prevent
S05	E07	545	so how'd it go?	Care
S05	E17	221	yeah, sure.	Agree
S05	E20	386	listen, i'm-i'm really sorry.	Apologise
S04	E13	481	well, too bad!	Complain
S06	E06	45	they're towing it right now.	Inform
S06	E04	590	i'm sorry.	Apologise
S04	E08	463	i might have to go to the men's room first.	Leave
S05	E18	257	yes, like a parlor.	Agree
S05	E16	494	again, we are so, so sorry.	Apologise
S04	E06	390	unfortunately, the last spot has been filled.	Inform
S05	E18	37	okay, cheyenne, sandra, you're serving	Arrange
S05	E10	14	walk away so they know you're serious.	Advise
S05	E07	381	means you're fired.	Inform
S05	E08	250	you need to move on.	Advise
S05	E18	189	lifesaver.	Thank
S06	E05	280	oh, whoa! no, no, no! don't actually scoot in.	Prevent
S05	E17	444	why don't we just give them some cash?	Advise
S05	E11	367	it has recently come to my attention that there are some men in the store who have some issues	Inform
S05	E15	585	hey, thanks for taking a chance on me.	Thank
S06	E08	236	feels like i'm buying a gremlin.	Joke
S04	E06	236	why don't you use the lactation room?	Advise
S05	E20	93	glenn, this is dr. brian patterson, veterinarian and boyfriend.	Introduce
S06	E01	78	actually, the latest articles are saying actually, the latest articles are saying that washing your hands isn't enough.	Inform
S05	E08	340	thank you so much. ooh, $5 gift card.	Thank
S05	E14	212	oh, god, yeah, i totally forgot. sorry.	Apologise
S06	E08	564	i was giving you amazing advice and you mocked me	Complain
S04	E11	304	a part of me feels like you guys are taking this a little too far.	Criticize
S04	E12	49	i hit some ice and almost skidded into a pet cem--	Complain
S05	E08	369	it's a true thing.	Agree
S06	E10	247	he was gonna blab to the lawyers about our work arrangement.	Inform
S04	E10	78	'cause we were really bad.	Complain
S04	E10	72	but people were really judge-y.	Complain
S05	E07	144	take a bath with the dogs later.	Arrange
S05	E19	296	wait, no, no, no, you cannot go through people's--	Prevent
S05	E14	307	it's my ankle monitor.	Introduce
S04	E01	290	hey, man, this guy shreds ass!	Criticize
S05	E13	455	what the hell? you said you typed 100 words a minute.	Criticize
S05	E16	478	that's just not true.	Oppose
S05	E14	198	oh, god. sandra, stop, please.	Prevent
S06	E03	319	thank you.	Thank
S05	E15	268	it's just a friendly call, sandra, not an opportunity.	Oppose
S06	E04	528	garrett totally stole my look, and no one is talking about it.	Criticize
S05	E20	30	it was just sitting on her shoulder like a parrot--look.	Introduce
S06	E02	364	that's not fair? i'm blowing my life up for you.	Complain
S05	E06	336	this has been great. you have a really fun store.	Praise
S05	E10	48	i even got a plaque that said,  dad's number one sales boy.	Flaunt
S04	E03	51	you have a gift for logistics.	Praise
S06	E05	237	i'm sorry. your hair looks fun.	Apologise
S05	E11	398	thank you, so much, dan, for sharing, um, but--	Thank
S06	E06	23	like, super annoying for me.	Complain
S05	E13	171	i mean, you say you don't play favorites, but then you give the sweet assistant job to your brother-in-law.	Criticize
S05	E14	186	don't forget to sign the guestbook.	Inform
S05	E07	476	you don't have to keep pretending to be an employee.	Advise
S04	E06	395	well, here's my resume.	Inform
S04	E02	214	these pictures make me jealous	Praise
S05	E11	274	we get her to do something else that's better than your wedding.	Advise
S05	E06	415	the cowboy hat was itchy.	Complain
S06	E07	324	oh, sorry i'm a little late. where do you want me?	Apologise
S05	E10	221	at least give them anti-fatigue mats.	Advise
S04	E16	62	it's a lot of pressure.	Complain
S05	E14	7	for giving me my first chance	Thank
S05	E08	151	kyle sawyer, generosity manager.	Introduce
S06	E02	151	exhausting.	Complain
S05	E14	220	has she been acting weird?	Care
S05	E20	442	hey, sandra.	Greet
S06	E07	206	i'm sorry.	Apologise
S06	E01	237	oh, sorry.	Apologise
S06	E10	240	some fun socks!	Introduce
S05	E18	508	mateo, set up the obstacle course.	Arrange
S04	E11	206	damn it. i have to make up for lost time.	Complain
S05	E16	254	we should warm up by combining body heat.	Advise
S04	E02	402	now i'm gonna pass the mic around	Inform
S04	E10	225	i'm not gonna let you treat a baby this way.	Prevent
S05	E02	372	oh, jerry, no one's gonna notice if you're not there.	Taunt
S05	E19	547	this guy's driving away all my business, and you know how?	Criticize
S04	E13	290	this card has a frog and a bear kissing each other.	Introduce
S05	E02	40	amy, my baby's future is on the line.	Ask for help
S05	E11	516	back to work!	Arrange
S04	E03	232	you are a loud-mouthed, domineering, crazy little--	Taunt
S06	E09	570	dina, go get that letter.	Arrange
S06	E03	328	you know, it was actually really cute.	Praise
S06	E06	220	but i really appreciate all of your support.	Thank
S06	E08	39	is she still with brian? did something happen?	Care
S06	E02	108	hey, hey, matt- oh, wow!	Greet
S05	E07	488	i am not doing a latin accent to sell some queso.	Joke
S06	E08	575	but, uh, hey, at least you're getting yourself back out there	Comfort
S05	E20	226	oh, yes, she's marvelous.	Praise
S05	E07	81	hey, you busy?	Ask for help
S05	E09	144	we need to get junk in those trunks!	Arrange
S06	E04	14	they love money, and they don't care if we die.	Complain
S06	E05	509	you're just as bad as glenn.	Criticize
S04	E07	93	this is a stupid initiative anyway.	Complain
S04	E16	351	calm down, glenn. calm down.	Comfort
S06	E09	250	no, that's my nephew. he's my lock screen.	Introduce
S05	E07	22	maya!	Greet
S05	E21	348	need some glasses for your ears now too, old man?	Taunt
S05	E11	413	i mean, amy and dina run the frickin' store.	Complain
S06	E08	598	seriously, garrett, this is gonna be awesome.	Praise
S06	E01	341	i mean, i should probably get back to my office	Leave
S04	E01	368	kelly! you're in charge.	Arrange
S05	E06	116	oh, you've given this foot chopper a lot of thought.	Taunt
S05	E12	462	oh, come on. damn it.	Complain
S05	E16	227	looks good, man. you're talented.	Praise
S05	E09	15	hey, if any of you curbside folks want to trade places	Inform
S05	E09	518	took some doing, but these are solid.	Introduce
S04	E01	464	we'll be here as long as it takes.	Inform
S06	E02	405	hi amy, thanks for looking out for me all these years.	Thank
S05	E15	313	this is cheyenne, our head of security.	Introduce
S04	E08	498	yeah, but we're not gonna wrap it.	Oppose
S06	E04	490	awesome, yeah.	Praise
S06	E01	461	might i suggest you not look up at the ceiling tonight?	Advise
S06	E01	340	agh! sorry, guys.	Apologise
S04	E01	319	um, noam, don't cry.	Comfort
S04	E17	494	um, uh, i'm sorry.	Apologise
S05	E09	91	hey. nice lab coat.	Praise
S05	E10	449	yeah, it's too bad.	Complain
S05	E16	272	you know, the service around here is spotty.	Complain
S05	E19	348	i know. i figured. thank you.	Thank
S05	E06	203	um, could you excuse me for just a minute?	Leave
S04	E03	186	god, i hate that guy.	Complain
S04	E14	137	hey guys, you won't be hearing from me for the next five hours	Inform
S05	E07	26	ha. yeah, it was.	Agree
S04	E10	351	harrison, stop burping into the intercom.	Prevent
S05	E19	46	anyway, how's it going? have you raised the wage yet?	Care
S04	E01	198	oh. that's cool.	Praise
S06	E02	38	so sandra, you're cleaning carts.	Arrange
S05	E11	464	guys, she is not listening to us.	Criticize
S05	E18	260	hey, justine	Greet
S05	E17	378	why i've been able to earn my employees' respect.	Flaunt
S06	E02	333	i just wanted to say how very proud i, glenn, am of you.	Praise
S04	E16	510	i think i might be going crazy.	Complain
S05	E18	503	while poor, little rosie sits at home with an old schoolmarm.	Taunt
S05	E10	65	what's up with the tree?	Care
S05	E19	460	we were all really out of line.	Apologise
S05	E08	315	okay, sir, i'm sorry.	Apologise
S04	E03	98	wow. that's a good run.	Praise
S04	E09	528	glenn, thank you.	Thank
S06	E08	499	you did hit mateo for being undocumented.	Criticize
S05	E15	255	but no, i don't like criminals, okay?	Oppose
S05	E13	99	look, this is the most expensive merch in the store.	Introduce
S04	E01	87	thanks for checking in, though!	Thank
S04	E07	427	you're fired.	Inform
S06	E03	139	right, but we could just buy more walkies.	Advise
S05	E16	51	i got the super sharer badge.	Flaunt
S04	E14	544	yup, don't worry about me.	Comfort
S05	E09	325	hi.	Greet
S05	E09	63	pretty soon, people are gonna have to pee in bottles.	Complain
S04	E12	61	oh, now you just look like a sad clown.	Joke
S05	E14	229	okay, the seating cards are placed.	Arrange
S05	E19	210	i'll just have carol work with me for today.	Arrange
S04	E12	289	but did any of you listen to me?	Complain
S05	E07	332	fine, okay.	Agree
S05	E16	501	jonah was the ringleader.	Criticize
S05	E11	250	oh, oh, glenn, glenn, glenn!	Greet
S06	E09	527	havarti, great cheese on a sandwich	Introduce
S05	E07	265	oh, it'll be fine.	Comfort
S05	E18	314	it's really cute.	Praise
S05	E17	505	it was cheyenne. she took the care packages.	Introduce
S05	E06	14	aww, man, then i won't get to hear jonah lecture us	Taunt
S06	E03	33	we need someone to replace me as floor supervisor.	Inform
S04	E04	101	you're like one of those monks in tibet.	Joke
S06	E05	177	okay, guys, so this list is to come up with issues that are affecting black customers and employees.	Inform
S05	E11	495	but first, can you sneak me a burger?	Ask for help
S06	E10	242	thanks so much.	Thank
S05	E06	134	i mean, you help, obviously, and i so appreciate it	Thank
S04	E16	453	yeah, amy was just the one sitting watching us in the dark without our consent.	Criticize
S06	E01	366	anti-looting procedures.	Introduce
S05	E09	556	oh, nice, jer!	Praise
S05	E15	558	zephra just sent a mass email saying that cloud 9 employees now get 50% off	Inform
S06	E06	213	we all wish we could just rip that pain out of your body	Comfort
S05	E07	566	that this company was extorting these people	Complain
S05	E08	60	attention, cloud 9 shoppers	Inform
S05	E09	580	well, you're lucky. you pull it off.	Praise
S04	E17	294	fantastic. life of the party.	Praise
S04	E07	96	i do not like small talk, and i hate smiling all day like an idiot.	Complain
S04	E11	191	relax, i'm not going to pressure you.	Comfort
S05	E20	547	yeah, okay, real quick. i don't want you to panic	Comfort
S04	E04	307	you are a real hero, you know that?	Praise
S05	E15	343	sorry, you just said that. sorry, thank you.	Apologise
S06	E07	561	i'm so sorry.	Apologise
S05	E20	427	yes, same. me too.	Agree
S05	E07	326	uh, excuse me. attention, everybody.	Inform
S05	E07	246	jonah, get my back.	Ask for help
S04	E01	227	oh, yeah, we do. we all hate you.	Criticize
S05	E12	384	oh, wow, okay. nice to meet you.	Greet
S05	E12	297	what?  no, i meant, like, for the rest of, like, however long this is.	Oppose
S06	E03	542	oh, you don't need to count these.	Prevent
S05	E17	172	all right. thank you.	Thank
S05	E18	226	i'm trying to get a tribute band, and i need your opinion.	Ask for help
S05	E10	160	okay, i'm gonna go check on that.	Leave
S05	E07	592	no, no. you're obviously a great manager.	Praise
S06	E07	486	what am i gonna tell my parents?	Complain
S06	E09	16	cheyenne will be handing out new protective equipment.	Inform
S05	E16	321	oh, this is genius.	Praise
S05	E08	305	that's great, thank you.	Thank
S04	E05	206	you are really cooking up something good.	Praise
S05	E11	249	liar.	Criticize
S05	E17	187	don't you dream about someday having what jerry and i have?	Flaunt
S04	E16	331	the, uh, easter decorations all look really great.	Praise
S05	E09	362	yep, i'm just having eric install some shelves.	Arrange
S05	E12	336	she's hard-working and dedicated and, um, uh, very- very serious about security.	Praise
S06	E10	110	you fart face!	Criticize
S05	E07	483	grab a pair of gloves and head over.	Arrange
S05	E09	474	why don't you put on the headset	Advise
S05	E19	458	hey, carol.	Greet
S05	E15	300	what's going on?	Care
S05	E11	279	oh, hey, guys.	Greet
S05	E12	449	let me try this, all right?	Ask for help
S06	E06	422	oh, i'm sorry.	Apologise
S05	E17	446	glenn, don't worry about it.	Comfort
S05	E20	130	oh, no. it's not a game--	Oppose
S05	E14	106	oh! he's great! yeah, he's so nice.	Praise
S06	E07	581	carol, that is so savage.	Criticize
S05	E11	178	good job on the display.	Praise
S05	E17	202	thank you. that's very nice of you.	Thank
S06	E10	3	you're gonna be deposed by carol's lawyer today.	Inform
S05	E07	196	i'm emphasizing  regularly-scheduled	Inform
S05	E09	297	maybe you could help jerry set this up	Advise
S04	E12	401	that sounds like a real bad idea.	Complain
S05	E09	248	dina, some of these orders are insane.	Complain
S05	E15	119	thank you.	Thank
S05	E16	242	i didn't know people took their breaks out here.	Complain
S04	E03	181	oh, don't make this about sexism.	Prevent
S04	E08	165	thank you.	Thank
S05	E02	145	it's not on the list!	Oppose
S05	E07	256	it's not even your fault.	Comfort
S05	E12	199	hi, sandra?	Greet
S05	E13	396	hey, randy.	Greet
S05	E13	481	no--i mean, yes, but not for the reasons you think.	Oppose
S06	E04	434	your manager is listening.	Inform
S05	E14	156	get me a drink!	Ask for help
S04	E17	159	we're gonna take a break and clear the floor	Inform
S05	E15	527	i'm picking you up at 5:00 a.m. tomorrow	Inform
S05	E16	244	oh, i would do anything for some crack right now.	Complain
S06	E04	251	attention cloud 9 employees, this is your manager.	Inform
S05	E16	446	something crazy is happening.	Inform
S04	E13	222	marcus's tattoo. it's way harder than i thought.	Complain
S05	E08	282	thank you for your donation.	Thank
S05	E21	93	cheyenne, you're young and hot.	Praise
S04	E12	104	i don't know why you guys lock up the razor blades.	Complain
S04	E02	117	i hate the--the stupid games and the--the dumb decorations	Complain
S05	E08	341	can i have my gift card, please?	Ask for help
S06	E10	176	uh, no, glenn would never do anything like.	Oppose
S06	E04	1	okay, glenn texted that he's  rubbing a little latte	Inform
S04	E12	168	let's just help ourselves to whatever we need:	Inform
S05	E17	386	how's the interview going?	Care
S05	E07	442	okay, i can't do this anymore.	Complain
S05	E06	101	no, no, no, no, no, no, no! whoa!	Prevent
S05	E13	117	he's eugene! he's the best!	Praise
S05	E17	414	okay, don't be mad	Comfort
S05	E02	21	the old lady who spits at her on the bus?	Joke
S05	E07	200	laptops are for customers.	Inform
S05	E18	106	i just meant he looked like a really good dad.	Praise
S05	E13	319	oh, please. sandra, take it down.	Arrange
S05	E14	427	all right, i'll be back in a few.	Leave
S04	E04	129	man, cheyenne really stepped it up.	Praise
S04	E09	16	i'm sorry, are you okay?	Care
S04	E14	77	it's really nice.	Praise
S04	E01	344	attention, employees- make your way to the break room	Inform
S05	E10	278	okay, i can see that. sorry to waste your time.	Apologise
S05	E07	322	okay, back to work.	Arrange
S04	E06	219	i'll, uh, just get out of here	Leave
S04	E13	33	cute teddy bears are 15% off.	Inform
S05	E21	268	so, tony, sandra is from hawaii.	Introduce
S05	E10	175	cheyenne, let's go.	Leave
S05	E17	210	hey, folks.	Greet
S05	E15	297	i'm feeling a lot of mental distress.	Complain
S04	E01	29	thanks for the company.	Thank
S05	E19	235	i just needed some help with, uh, paperwork, you know	Ask for help
S05	E15	146	please have a seat.	Arrange
S05	E16	334	i really think you're blowing this out of proportion.	Criticize
S05	E11	491	but making men feel better is not my job!	Complain
S05	E13	103	and he's floor supervisor now	Introduce
S04	E01	90	okay. so, sara, i need you to keep cycling out the bins.	Arrange
S04	E14	299	i hate them!	Complain
S05	E07	105	thanks, i like 'em too.	Thank
S05	E15	73	i need you to act casual.	Arrange
S05	E09	398	'cause i'd like to apologize and offer you all	Apologise
S05	E21	273	hey, sorry to interrupt your surprise adoption.	Apologise
S06	E05	422	oh, hey, guys. sorry.	Apologise
S05	E17	263	i'm not dumb!	Oppose
S05	E11	338	yes! thank you so much.	Thank
S05	E08	182	i shouldn't have to leave because you're a bad manager.	Taunt
S04	E12	187	i can make it spin forever.	Flaunt
S04	E14	484	glenn, you're not going to go to prison, okay?	Comfort
S05	E02	217	you're showing your age a little.	Taunt
S04	E01	42	or you guys can just use your phones for all that stuff.	Inform
S05	E18	321	just--come on, jonah. please do the voice.	Ask for help
S05	E16	251	i'm also having a bad time.	Complain
S05	E06	281	are you crying blood?	Care
S05	E18	283	a little st. patrick's day humor there for you.	Joke
S04	E11	194	well, i'd like to think i've matured over the years.	Flaunt
S05	E19	275	i haven't worked in three months. my alimony is late. my ex-wife's lawyers are getting very threatening.	Complain
S05	E11	490	and i'm sorry about that	Apologise
S05	E09	46	collect everything on that order	Arrange
S04	E16	568	that's how filipinos celebrate easter.	Introduce
S04	E17	194	so stop staring at her.	Prevent
S06	E07	442	i have wood floors. it gets dusty.	Inform
S06	E08	61	okay, i'm gonna go. bye, tony.	Leave
S05	E07	61	okay, well, maya can't fire you	Comfort
S05	E21	217	or we could tape a fifth of fireball	Advise
S05	E15	120	probably gonna have to take that plant outside for sun	Advise
S05	E12	131	it's kind of shaped like a triangle.	Introduce
S06	E02	134	please stop. this is hurting me.	Prevent
S05	E10	169	but then people just keep asking me about it, which is making me worry about it, and...	Complain
S05	E14	176	my job is keeping the bride safe.	Inform
S05	E18	545	you could mix grapefruit with espresso.	Advise
S06	E04	443	thank you, marcus.	Thank
S04	E03	56	this is the most boring secret i've ever had to live with.	Complain
S04	E13	299	what do i do?	Ask for help
S05	E17	497	you haul us down here just to give us a bunch of junk?	Criticize
S05	E09	135	i gotta go.	Leave
S05	E09	258	no, you're gonna stand outside	Arrange
S04	E04	51	i thought you were a dirty pile of laundry.	Taunt
S04	E06	385	i find her extremely annoying	Complain
S05	E20	503	well, i am really proud of you.	Praise
S06	E03	212	okay, listen. ultimately, it is your call	Inform
S04	E04	484	thanks. i like yours, too.	Thank
S05	E13	7	we are switching over electronics from supercloud to the new zephra products.	Inform
S05	E17	356	'scuse me. 'scuse me. hi. jonah.	Greet
S06	E09	429	but really you were only using me to get to bo!	Criticize
S06	E04	423	sandra, what is going on in there?	Care
S05	E19	176	how's your first day going, girl?	Care
S05	E09	90	um, oh, uh, mateo, this is my brother eric.	Introduce
S04	E02	251	that sounds wonderful.	Praise
S04	E02	343	thank you so much for including me.	Thank
S04	E06	509	i just want to apologize.	Apologise
S05	E21	2	carol's doing pretty well.	Praise
S05	E20	544	oh, amy, there you are.	Greet
S05	E15	114	right? yeah.	Agree
S06	E05	568	you seemed pretty beefed.	Care
S05	E19	435	look, we don't need an h.r. rep hanging around here auditing us	Inform
S05	E17	447	i'll go figure out how to not send them away empty-handed.	Leave
S05	E14	379	okay, i'm sorry. i just--i panicked.	Apologise
S05	E09	379	well, i guess i'll go get my pumpkin spice salsa by myself, like it's 1950.	Complain
S05	E16	176	heads up, spill in produce	Inform
S06	E02	458	aww, that's pretty. thank you.	Thank
S05	E09	470	oh, what do you see now?	Care
S06	E05	173	how about some new options in our vending machines?	Care
S05	E15	337	it's--it's kira moon, zephra's ceo.	Introduce
S05	E20	416	hey.	Greet
S05	E17	264	i'm one of the smartest people in the store.	Flaunt
S06	E03	247	so be a gentleman. go with the lights out.	Advise
S04	E11	42	oh, she probably thinks she's so great	Taunt
S04	E17	444	it's now time for the father-daughter dance.	Inform
S05	E15	538	man, i'm tired.	Complain
S06	E07	184	it's gonna be okay, jonah.	Comfort
S04	E13	480	i can't live with that kind of guilt.	Complain
S05	E15	124	this is already too much work.	Complain
S05	E19	502	can you get me a salami sandwich?	Ask for help
S04	E03	354	now, kelly, i want you to tell jonah what you're feeling.	Arrange
S04	E08	205	you don't know how to wrap a gift.	Criticize
S05	E15	182	yeah.	Agree
S06	E01	426	yes, i'm so sorry.	Apologise
S04	E03	63	but i'm more perceptive than most.	Flaunt
S05	E14	179	no, no, no, no, no.	Prevent
S05	E11	144	what if we gave them all computers, you know?	Advise
S05	E13	74	this is so unfair.	Complain
S06	E03	308	thank you, marcus.	Thank
S06	E08	506	did i miss a meeting? sorry.	Apologise
S05	E11	550	i feel like we really moved the needle today, guys.	Praise
S06	E06	415	it really is gorgeous.	Praise
S05	E20	106	nice to meet you.	Leave
S05	E07	72	you are a great manager	Praise
S05	E19	123	celine dion tickets go on sale today.	Inform
S05	E19	278	i'm gonna stop you right there.	Prevent
S05	E10	10	maybe you should just leave without her.	Advise
S05	E11	468	hey, guys, i'm pretty sure there are some sections	Inform
S05	E17	207	he's her brother.	Introduce
S05	E19	354	hey, amy, uh, janet is gonna say that we invaded her privacy.	Inform
S05	E16	355	you made your point.	Inform
S06	E02	290	um, i'm gonna- i gotta get back to work.	Leave
S04	E04	55	yeah, my hair is silkier, my skin's glowing	Flaunt
S06	E10	280	oh, no, i hate to hear that.	Complain
S05	E17	241	yeah, and thank you	Thank
S05	E16	368	sorry.	Apologise
S05	E13	383	a chunk of my hair fell out, and i will not be bald for my wedding!	Complain
S06	E09	568	jonah, thank you for believing in me.	Thank
S05	E09	538	this is her fault.	Criticize
S05	E07	138	excuse me just one second.	Leave
S04	E03	317	oh, wow, jonah had a little comment, shocking.	Inform
S06	E07	195	wow, that makes so much sense.	Praise
S05	E15	85	oh, sure, no problem.	Agree
S06	E05	385	it's your boy, kenan bravo.	Introduce
S05	E16	455	man, why'd you do that stupid google search?!	Criticize
S05	E07	361	i'm so sorry you have to witness this, maya.	Apologise
S05	E08	146	they do great work. i'm a fan, really.	Praise
S05	E12	509	do what i did.	Arrange
S06	E03	455	he's been yelling at people all day like he runs the store.	Criticize
S06	E01	468	but they have me on these calls all day every day!	Complain
S05	E19	225	sandra, don't touch it.	Prevent
S05	E21	90	just ask your friends to chip in	Advise
S06	E01	88	you are essential, and the true heroes	Praise
S05	E20	445	so nice to meet you. i've heard so much about you.	Greet
S04	E13	111	that i'm the best in the class.	Flaunt
S05	E09	272	no! stop whining!	Prevent
S04	E02	400	that was just beautiful, jerusha.	Praise
S05	E13	397	randy, what are you doing here?	Care
S05	E20	475	and kelci dumped you because you're a jackass.	Criticize
S05	E12	197	what the hell can you do?	Criticize
S04	E01	511	i mean, it's got over 50 programmable greetings, plus you can change the background.	Introduce
S05	E08	371	wow, thank you so much.	Thank
S05	E15	299	well, i'm so sorry.	Apologise
S06	E03	502	and every zone captain should have a walkie-talkie.	Advise
S04	E17	325	poor garrett, pining after a woman	Taunt
S04	E14	423	uh, total, i'd say you're looking at $18,000 for repairs.	Inform
S06	E09	509	all the times that you hurt my feelings.	Criticize
S04	E07	256	no, i am mad. you're an idiot.	Taunt
S06	E03	501	we should have go-back carts for each department.	Advise
S06	E06	473	dang, they take this crap way serious.	Complain
S05	E14	310	sorry, sorry, i-i'm just going to--	Apologise
S05	E15	318	it'll be easier on yourself if you confess.	Advise
S06	E02	434	shh, guys, best part!	Praise
S05	E20	424	i didn't mean to upset you or kelci	Apologise
S05	E15	291	oh, no. come on, this is nothing.	Comfort
S06	E01	163	they sent over a very detailed, step-by-step--	Inform
S06	E07	503	i'm sorry, kelly. i--	Apologise
S06	E05	128	and i wish there was something i could do to make it up to the black employees.	Inform
S05	E08	157	huh, right, yeah.	Agree
S05	E14	70	oh, hey, glenn.	Greet
S05	E13	231	look, i'm not saying it like it's a bad thing.	Oppose
S05	E12	330	oh, dad, this is my boss, amy. show her your belt buckle.	Introduce
S05	E09	431	maybe you should give them some space.	Advise
S05	E13	87	okay, i'm gonna pee and come back.	Leave
S06	E08	136	oh, absolutely.	Agree
S05	E20	470	not your fault, son.	Comfort
S05	E20	110	okay, dina, relax. it's just a surprise date.	Comfort
S04	E16	48	easter is upon us.	Inform
S04	E11	14	you have to keep them on 24/7, they are not waterproof	Inform
S05	E19	160	what's going on? is everything okay?	Care
S04	E05	197	oh, boy. mr. hilarious at work.	Joke
S04	E03	201	you are the most petty, jealous, and bitter person	Criticize
S05	E12	441	i am really proud of the woman you've become.	Praise
S04	E04	247	thank you.	Thank
S04	E17	408	no, no, you can't tell my parents.	Prevent
S05	E12	221	it's sandra kaluiokalani.	Introduce
S05	E07	461	yeah.	Agree
S05	E08	312	this guy does not support our troops!	Criticize
S04	E12	51	i asked you for candy cane.	Criticize
S05	E09	246	jonah, your last order took 33 minutes.	Criticize
S06	E01	20	the whole job is being a liaison to cloud 9	Inform
S04	E04	336	ugh, it's so good.	Praise
S04	E08	392	we get all this free stuff	Flaunt
S06	E09	579	i-i saw that memo, too. good job, glenn.	Praise
S05	E21	10	i have my ways.	Flaunt
S04	E08	125	mateo, go take over for sayid.	Arrange
S04	E05	198	what are you writing?	Care
S05	E08	226	i just want you to know that if you donate inside, you get a $5 gift card instead of nothing.	Inform
S05	E17	52	garrett, you're only giving packages to people with wristbands.	Arrange
S05	E19	529	and again, carol, i am so sorry	Apologise
S05	E07	167	oh, i thought i saw a manatee on the side of the road.	Joke
S04	E08	461	to the back. i have work to do.	Leave
S04	E17	271	don't read into the word  yet,  no.	Prevent
S05	E07	336	i like this one	Praise
S05	E11	514	i got tired of all the guff.	Complain
S04	E03	118	well, she's not just anyone. i mean, kelly is wonderful.	Praise
S05	E13	126	the kid's good.	Praise
S06	E07	412	you're gorgeous like a vodka girl.	Joke
S05	E14	404	and now, i'm going to pass it on to the best man, jerry's best friend, garrett.	Introduce
S05	E20	12	thank you for the almost compliment.	Thank
S04	E10	58	i don't understand why they make it so hard to apply for asylum.	Complain
S05	E19	28	you are the one who should apologize.	Criticize
S05	E09	347	we liked his confidence. mm.	Praise
S04	E11	207	stop talking to me!	Leave
S05	E09	52	you'll have 30 minutes to get the order in the car.	Arrange
S05	E15	109	how are things over here?	Care
S04	E06	452	i am so tired!	Complain
S04	E05	106	oh, and honey, watch out for the bird.	Care
S04	E10	383	this is my jurisdiction.	Inform
S06	E01	535	yeah, wow! great, that's great!	Praise
S04	E02	418	this is getting boring, yo. sleep-sleep!	Complain
S04	E14	81	but one day, i got it to do 25.	Flaunt
S04	E05	13	but only call if it is a true emergency like a fire, or a big storm, or a robbery, okay?	Inform
S06	E07	3	but don't be intimidated.	Comfort
S06	E03	4	i'm taking over for amy, and--	Inform
S04	E06	530	thank you, thank you. my parents will be so proud.	Thank
S05	E10	514	you did it.	Praise
S05	E09	213	he has a cutie patootie. we're all good-looking.	Flaunt
S05	E16	484	i can't even remember the last time i had a boyfriend.	Complain
S04	E12	446	yeah, why don't you go stew in softlines?	Advise
S04	E04	374	how you doing?	Care
S04	E01	204	no! it's messed up.	Complain
S05	E17	406	this is a class c felony.	Criticize
S05	E07	192	that's the third time i've fell for this.	Complain
S05	E21	516	mom, stop.	Prevent
S04	E16	541	oh, great.	Praise
S05	E18	251	you are an amazing mom. parker is an awesome kid.	Praise
S05	E16	35	the new policy says that you can have your phones now.	Inform
S05	E09	305	but the morning rush was insane	Complain
S04	E01	181	no. no. no, no, no, i-i did not mean	Oppose
S04	E01	137	what brings you to the store...again?	Care
S05	E17	115	sucked up any change.	Leave
S05	E14	279	oh, shut up, eric.	Prevent
S04	E02	228	that sounds amazing.	Praise
S05	E02	191	give that vino to me-no.	Joke
S04	E06	190	i have a great sense of humor.	Flaunt
S05	E16	247	so, you know, we can just sit back and relax.	Advise
S04	E07	418	look, we just want what's going to make you happy	Comfort
S05	E20	299	i'm mateo, by the way. i'm sure you've heard of me.	Introduce
S05	E20	511	did you just take my photo, you pervert?	Criticize
S05	E13	144	what's--what's going on friday?	Care
S05	E12	222	yeah, sure it is.	Agree
S05	E17	243	just messing with you, spongebob.	Joke
S06	E03	548	i'm sorry.	Apologise
S05	E06	85	oh, my god, they're so cute when they bicker.	Praise
S04	E08	56	just lots and lots of bugs.	Complain
S06	E07	404	i'm not disinfecting everything for my health.	Complain
S05	E09	519	i think i'm gonna head out.	Leave
S05	E19	22	you rubbed your wedding in my face for months. and then you asked me to be your maid of honor. i mean, that was just cruel.	Criticize
S05	E07	400	oh, this news is so great	Praise
S04	E10	266	i just gotta grab a few things.	Leave
S05	E12	360	hey, buddy.	Greet
S06	E06	218	thanks.	Thank
S05	E15	296	things are just really hard right now.	Complain
S05	E14	206	all right, guys, listen up.	Inform
S05	E15	309	you stay right here. i'm gonna be right back.	Leave
S04	E11	461	well, thanks for having my back, dins.	Thank
S05	E10	13	oh, jonah, little negotiating tip--	Advise
S05	E12	476	okay, my bad.	Apologise
S05	E16	26	great debate, guys. it's very useful.	Praise
S06	E07	325	kelly, this is wonderful.	Praise
S04	E01	486	actually, the store closed, like, 15 minutes ago.	Inform
S05	E16	208	yeah, i'm sorry	Apologise
S05	E17	134	hey, hey!	Greet
S05	E07	329	you need to take this seriously.	Advise
S04	E01	416	but you're making it pretty tough.	Criticize
S05	E10	467	i blew it, didn't i?	Complain
S06	E08	14	oh, i'm sorry.	Apologise
S04	E03	180	oh, so anytime a woman tells you what to do, it's shrieking?	Criticize
S04	E14	334	you're the most qualified person here, so...	Praise
S04	E12	363	you look good.	Praise
S05	E15	82	thank you.	Thank
S05	E18	404	i am so sorry, jonah.	Apologise
S04	E01	232	i'm not even allowed to spend more than $12 on lunch	Complain
S04	E03	282	you think you're so great? your boyish good looks aren't gonna age well. you're hitting a wall, pretty boy	Taunt
S05	E11	439	listen up, ladies, father of a daughter talking.	Inform
S05	E12	112	all organic, and only $13.	Introduce
S04	E17	493	ow! what the hell, cheyenne?	Criticize
S05	E11	509	we can go now.	Leave
S05	E06	439	marcus knocked all my felt tips on the floor	Complain
S04	E10	523	i'm so sorry i'm late.	Apologise
S04	E10	170	anyway, it's called a warehouse	Introduce
S05	E19	195	oh, um, that didn't happen.	Oppose
S05	E17	590	it will, amy. i'm gorgeous.	Flaunt
S06	E02	464	oh, that's really sweet, actually.	Praise
S05	E11	320	it's a freaky time.	Complain
S05	E18	135	yeah, thanks a lot. i...	Thank
S05	E07	39	yeah, sure.	Agree
S04	E01	156	i am doing very well.	Flaunt
S04	E04	407	let's meet our first contestant, marcus white!	Inform
S05	E14	509	dina, where have you been? i've been looking for you.	Care
S05	E14	354	so embarrassing.	Complain
S04	E16	118	yeah, but i don't know how to play a villain.	Complain
S06	E06	340	i wouldn't even buy myself a diamond	Complain
S05	E15	310	thank you.	Thank
S05	E19	170	i'll move her into seasonals with justine.	Arrange
S05	E16	235	yeah, okay, thanks.	Thank
S04	E12	513	i got a secret stash in my office.	Inform
S05	E15	108	hey!	Greet
S04	E10	406	well, i only skip work because you're always telling racist jokes.	Complain
S05	E08	462	great, that's awesome.	Praise
S05	E09	370	i will leave you to it. good-bye.	Leave
S04	E17	110	hey, guys!	Greet
S05	E21	542	because there's so much to think about.	Complain
S04	E17	359	you're emma's hero, amy.	Praise
S05	E17	123	sorry.	Apologise
S05	E08	518	what the hell? you're stealing our toys?	Criticize
S06	E04	60	why are we walking so fast? i'm literally winded.	Complain
S05	E07	82	i'm sorry, i don't know what that was.	Apologise
S05	E19	90	what--what are you doing here?	Care
S04	E05	164	can we please not do all of that right now?	Prevent
S06	E10	285	look, all you guys have to do is go in there	Arrange
S04	E16	297	as of now, i don't know the bunny's preferences	Inform
S04	E07	170	my life is literally hell.	Complain
S05	E07	304	if you help me out and all goes well	Ask for help
S04	E05	102	would you be able to go to my apartment and get this camisole?	Ask for help
S04	E14	267	you're more qualified than glenn ever was.	Praise
S04	E08	263	why does everyone here start conversations like that?	Complain
S05	E16	1	for anyone who hasn't already downloaded the zephra employee app, you need to.	Inform
S06	E08	481	that's not what i meant.	Oppose
S05	E09	344	thank you.	Thank
S05	E12	497	i attended multiple father-daughter dances alone, and when i was 16, everyone made fun of me	Complain
S06	E10	392	hmm. damn. i really thought we were vibing.	Complain
S04	E12	164	that is an amazing offer	Praise
S05	E21	325	hi, brett.	Greet
S04	E10	341	'cause i'm starting to feel attacked right now.	Complain
S05	E19	416	i'm starting to reek.	Complain
S04	E12	87	and corporate would like us to stay until closing so...	Inform
S04	E03	177	you're spraying all-purpose cleaner on the fruit?	Criticize
S05	E21	506	i wish you could see this. you're really struggling.	Taunt
S05	E16	457	you calm down. you're always starting stuff!	Criticize
S06	E01	459	what happened here?	Care
S05	E12	442	thanks, dad.	Thank
S06	E09	163	she's got less brains--	Taunt
S04	E05	46	okay, uh, you seem to be all set, so i guess i'm gonna go?	Leave
S05	E10	417	we're gonna take a sidebar.	Leave
S06	E04	90	i'm gonna turn this place into the most efficient machine	Inform
S05	E15	290	i'm sorry you had to see that, glenn.	Apologise
S04	E01	93	you can just stick it in the... in the p-photo lab.	Arrange
S05	E09	264	i am so sorry.	Apologise
S05	E16	249	i can't feel my hands.	Complain
S05	E18	259	yes.	Agree
S05	E12	475	i mean, come on. the editing is so choppy.	Complain
S05	E06	9	first, we're gonna be handing out goodie bags to the kids.	Arrange
S06	E10	424	excuse me. you can't be in here.	Prevent
S04	E04	246	hey, glenn, i think you left that in the parking lot.	Inform
S05	E12	56	but now i have tons student loan and credit card debts.	Complain
S04	E04	200	funny little people.	Joke
S06	E01	67	hey, any update on when you two lovebirds are moving to cali?	Care
S05	E06	501	uh, i am so honored to receive this sprite	Flaunt
S05	E14	350	how's it going?	Care
S05	E10	263	oh, um, amy, i'm so sorry	Apologise
S05	E10	91	really, it's amazing work that you're doing.	Praise
S04	E05	251	women have been birthing for thousands of years in all kinds of disgusting places.	Complain
S04	E02	500	oh, thank you, sayid.	Thank
S05	E17	130	well thank you	Thank
S04	E04	464	oh, no, i'm not spider-man.	Oppose
S05	E12	547	yeah, don't worry.	Comfort
S05	E06	236	she's my... she's my lady.	Introduce
S05	E11	332	i gotta be honest, that sounds awful.	Complain
S04	E11	238	check them all! go!	Arrange
S05	E18	4	i can do this from muscle memory.	Flaunt
S05	E13	482	look, mateo never got a work permit.	Inform
S04	E06	485	i'm sorry if that doesn't make you feel any better.	Apologise
S05	E08	316	it's just one gift card per customer.	Inform
S05	E11	198	you should be very proud of yourself.	Praise
S05	E14	336	yeah, i got it. sorry.	Apologise
S04	E08	374	he wouldn't have either, so--oh, this is a pickle.	Complain
S05	E14	67	sorry.	Apologise
S05	E13	453	print it out, and then run it back here to me.	Arrange
S04	E01	31	thank you for always tipping 20 bucks	Thank
S05	E14	59	no rush. no rush at all.	Comfort
S05	E16	223	how's stuff been going with you lately?	Care
S05	E16	15	when you enter the store, so no need to swipe in	Inform
S05	E07	419	don't be ashamed.	Comfort
S05	E10	311	okay, yeah, you're looking good on the trunk side.	Praise
S05	E17	141	jeff, this is isabel. she works at zephra.	Introduce
S04	E04	87	dina! what do i do? should i jump the railing?	Ask for help
S05	E16	317	you're a locker-licker too?	Joke
S05	E14	102	aw, that's beautiful.	Praise
S05	E17	48	so glenn, you're gonna be running care packages from the warehouse, or doing that waddle thing you do, whatever works.	Arrange
S05	E15	35	come on, peeps. dig in.	Arrange
S05	E14	331	nothing happened, okay? everything's fine.	Comfort
S04	E06	521	thank you.	Thank
S04	E14	19	and guys, i say this a lot,but we really need to wet down those raccoon droppings before we sweep.	Inform
S06	E08	612	tony's a good kid. i like him.	Praise
S05	E07	119	are you sure you're okay?	Care
S05	E02	95	tay-tay and tine-tine: the slut squad.	Joke
S05	E13	365	okay, that doesn't even make sense.	Oppose
S05	E10	32	sorry i'm late.	Apologise
S04	E13	461	what is wrong with you?	Care
S04	E11	144	come on, don't take it personally.	Comfort
S05	E18	278	okay, this has gotta stop.	Prevent
S06	E01	172	everybody in single-file lines.	Arrange
S06	E01	117	ah, he's just putting on a show.	Taunt
S05	E07	208	yep, that's right.	Agree
S05	E10	2	that's important- and holiday pay.	Inform
S05	E15	346	your holiday numbers were outstanding	Praise
S04	E14	164	glenn, can i borrow $2,000 for sales tax?	Ask for help
S05	E18	332	you guys, don't clap for that.	Prevent
S06	E10	463	glenn, hey, look, i- i'm sorry.	Apologise
S05	E07	161	listen up, scrodes.	Inform
S05	E10	401	okay, just relax.	Comfort
S05	E17	413	i don't know why, but he has been trying to tear me down all day today.	Complain
S04	E01	99	okay.  sorry, that was a poor choice of words.	Apologise
S04	E01	155	god, get over yourself.	Taunt
S05	E15	283	oh, thank god.	Leave
S04	E12	312	i fell up an escalator when i was taking a selfie.	Complain
S05	E06	244	you guys, i am dying right now.	Joke
S05	E14	292	well, we're already 20 minutes behind.	Complain
S05	E11	182	ah, it's great. t-shirt activism.	Praise
S05	E14	367	because to me, this room sucks.	Complain
S04	E07	457	he's a good person. that is real.	Praise
S04	E02	470	thank you, everyone, for coming to the party.	Thank
S05	E07	470	can i have some of the house red?	Ask for help
S04	E16	184	i love it.  like totally lies.	Taunt
S05	E16	182	sorry.	Apologise
S05	E10	292	is there any way that i could get more information?	Ask for help
S04	E16	222	he's the disciple that betrayed jesus.	Criticize
S05	E15	404	everything is just making me wanna cry.	Complain
S05	E09	142	this isn't a library! come on, read and run!	Arrange
S05	E15	349	whatever you're doing, bottle that	Arrange
S06	E04	601	yeah.	Agree
S05	E16	346	wow, first you mute me, then you kill a child.	Criticize
S04	E09	282	no, okay, sir, you may not bring this in here.	Prevent
S04	E09	29	no, do not even think about paying me for this.	Prevent
S05	E13	274	well, uh, marcus, that is all very correct.	Agree
S04	E02	460	i just want to get out of here. how do we get out of here?	Leave
S04	E09	27	oh, um, that sounds like a lot work	Complain
S06	E03	617	i'm sorry jonah.	Apologise
S05	E17	539	jerry.	Greet
S05	E14	184	things have a way of working out for sandra.	Comfort
S05	E14	210	jonah, you set up the chairs. cheyenne, can you make sure that the sound system's working?	Arrange
S06	E03	160	just leave it with me. i'll find someone else.	Leave
S04	E07	512	and your dad abandoned you at a gas station?	Taunt
S05	E16	345	well, we can try. come on, dina.	Leave
S06	E04	15	ah, yeah, that makes sense.	Agree
S04	E04	435	it's a me, a mario!	Introduce
S06	E10	140	eugene? did you lock me out?	Criticize
S05	E19	189	okay, can we just stop talking about this?	Prevent
S05	E18	557	yeah, well thanks, buddy.	Thank
S05	E08	492	he just really knows where to kiss soft	Praise
S04	E04	23	that's like six weeks away.	Inform
S05	E08	564	well, that's nice.	Praise
S05	E10	86	oh, so good to meet you in person.	Greet
S04	E03	82	should we get a scented candle for our nightstand?	Advise
S04	E04	469	attention cloud 9 shoppers, i do not have an announcement	Inform
S05	E13	488	i--i totally get it.	Agree
S05	E11	548	now get back to work.	Arrange
S06	E01	564	it's pretty nice back here.	Praise
S04	E06	42	honestly, you're-- you're really beautiful.	Praise
S06	E04	503	oh, i'm sorry, jonah.	Apologise
S05	E13	253	hey.	Greet
S06	E08	54	mom, come on.	Prevent
S05	E17	234	that's helpful, jeff. thank you.	Thank
S06	E03	370	ah, too much clothing for this horndog.	Taunt
S06	E08	126	so i think i've just been really lonely.	Complain
S04	E07	536	now we're...announcing it.	Inform
S04	E02	300	no worries, i'm out of here.	Leave
S05	E17	513	it wasn't cheyenne!	Oppose
S04	E12	32	well, we're supposed to stay open till 11:00.	Inform
S05	E09	413	and if you were actually doing the work,  and if you were actually doing the work, you would see how hard it is.	Complain
S04	E12	462	i'm prediabetic.	Inform
S05	E13	200	okay, marcus, you next.	Arrange
S04	E09	24	oh, there is no way that i am sending you	Oppose
S05	E12	416	why don't we all chip in?	Advise
S06	E06	88	flooding in the attic and the basement.	Inform
S05	E09	465	uh, sorry. i just got another one.	Apologise
S05	E15	375	okay, and if you could just get me that number by the end of the day, that'd be great.	Arrange
S04	E08	43	i'm sorry, the tickets are non-transferable.	Inform
S04	E14	195	laurie neustadt, you are in violation of rule 17-b of cloud 9 hiring policy.	Inform
S05	E13	471	what? i crushed the interview.	Complain
S04	E07	223	thank you.	Thank
S04	E09	453	so let me know if any of these feel right to you.	Inform
S04	E16	216	they just make fun of me openly to my face.	Complain
S04	E17	473	you don't have to edit it. i'll take care of that.	Inform
S05	E12	81	aww. yeah, maybe you should reconnect before it's too late.	Advise
S05	E14	249	hey, man, sorry about earlier.	Apologise
S05	E15	20	i knew from before. i knew, like, two hours ago.	Flaunt
S05	E21	272	oh! radical.	Praise
S05	E16	394	maybe we should do another lap around the park?	Advise
S05	E11	334	come on. give me a chance.	Ask for help
S05	E15	501	i'm sandra kaluiokalani	Introduce
S04	E13	380	i was expecting you to side with me over dina.	Complain
S05	E15	589	look, i'm sorry, benny, but i had no choice.	Apologise
S04	E09	298	the freezer's full.	Inform
S06	E10	342	why do people think that i'm at fault	Complain
S06	E06	99	what kind of symptoms have you been having?	Care
S05	E19	206	how about carol works with you?	Advise
S05	E17	170	thank you so much.	Thank
S05	E08	508	you're gonna make a lot of kids very happy.	Praise
S05	E15	499	well, it was nice catching up. sandra, let's go.	Leave
S05	E18	209	no. what? it's a--it's a squirrel.	Oppose
S05	E13	408	not 'cause i don't think you deserve it, just 'cause you're doing so bad.	Criticize
S06	E07	191	it's really not. it's not hot juice.	Oppose
S05	E18	410	sure. thank you.	Thank
S05	E14	93	you know, nobody's going to hate you.	Comfort
S05	E11	18	calm down, it's- it's all gonna be fine.	Comfort
S05	E08	335	no, i'm not gonna admit that	Oppose
S04	E16	369	i felt so violated.	Complain
S05	E09	550	it makes me feel icky when you call me hot.	Complain
S06	E01	216	we're also required to wear masks.	Inform
S05	E17	143	oh, maybe i should call you mommy.	Joke
S05	E20	545	hey, glenn, so sorry.	Apologise
S05	E10	66	we doing a dystopian nightmare christmas this year?	Joke
S04	E07	68	it's all on clearance.	Inform
S04	E14	317	can you tell me where inventory is?	Ask for help
S06	E04	581	but hey, sales are up.	Inform
S06	E02	115	thanks for keeping this little assistant arrangement going.	Thank
S06	E07	483	it was you guys the whole time?	Criticize
S05	E07	429	here, you read these.	Arrange
S06	E04	62	cheyenne, you're still gonna have to stay on top of deliveries. produce comes at 11:00.	Arrange
S04	E10	59	applying to be a refugee was even worse.	Complain
S04	E10	410	sheila told me that you're always making her give you back rubs.	Criticize
S04	E16	71	yeah, scott bankroft broke his leg.	Inform
S05	E18	335	it's not a dog toy. i got it here in the store.	Oppose
S05	E11	19	look, corporate sent over a memo that says,  cloud 9 is excited about this exciting new chapter full of exciting possibilities.	Inform
S04	E06	416	i hate to complain, but that machine is so noisy.	Complain
S04	E09	236	you even found some i didn't notice.	Praise
S04	E11	343	my scanner's not working. we can't figure out why.	Ask for help
S05	E17	239	seems like people would rather die than eat that stuff.	Taunt
S05	E08	426	sorry! this is where we're storing	Apologise
S05	E11	273	or maybe there's a slightly less depressing solution, like	Advise
S05	E13	95	it's a digital picture frame.	Introduce
S05	E07	543	alex, could you--thank you.	Ask for help
S06	E02	372	can't we just get to california	Advise
S04	E10	145	and you got that from pants?	Joke
S05	E09	364	he put some shelves in our mother's bathroom and they looked... really cool.	Praise
S06	E09	315	effective immediately, there will be no more talk about conspiracy theories.	Inform
S06	E05	350	i'm sick of looking at it. it's going on the list.	Complain
S05	E14	188	you look beautiful! yeah!	Praise
S04	E08	456	look, sayid, sayid, don't worry about it.	Comfort
S06	E07	502	you're right.	Agree
S05	E10	104	well, glenn, i have found your item right here.	Inform
S05	E16	482	my birds flew away.	Complain
S05	E09	547	jeff, so how about the two of you just start talking	Advise
S05	E15	517	we're really sorry.	Apologise
S05	E11	180	this one's doing stem cell research.	Introduce
S05	E06	265	yep. she's my cowgirl.	Introduce
S06	E02	69	oh, we could have a double wedding.	Advise
S05	E12	42	there's 1,000 bucks in it. i already opened it.	Introduce
S05	E12	141	oh, all right.	Agree
S06	E01	509	amy sosa here.	Introduce
S05	E15	526	what are you doing- no, no, don't do that!	Prevent
S06	E09	532	we'll get into this later.	Leave
S05	E15	111	yeah, everyone feeling  grr-eat?	Care
S05	E06	408	if i run too fast, i become airborne.	Joke
S05	E13	499	oh, man, that's such a good start.	Praise
S06	E04	491	you know, i'm sorry.	Apologise
S04	E11	184	sandra! bathroom duty!	Arrange
S06	E01	195	so, first off, marcus tested positive for covid after attending a spring break party on the lake.	Inform
S05	E09	584	sure.	Agree
S05	E08	414	the point is that this guy is a jerk	Criticize
S05	E20	532	sorry, this guy tricked me into taking a photo of him and his stupid pig.	Apologise
S05	E09	223	he was cute, sure, but, okay	Praise
S05	E11	238	hey, carol, you're not invited to sandra's wedding!	Inform
S06	E10	310	jonah's...the most competent.	Praise
S06	E03	5	oh, jonah, i'm sorry.	Apologise
S05	E17	237	so i keep this cabinet full of healthy snacks for everyone.	Introduce
S06	E06	474	something you'd like to share with the class, turd melon?	Taunt
S06	E04	444	let's all come together for marcus.	Inform
S05	E15	370	i gotta hop on another call, but we'll do this again soon.	Leave
S05	E13	59	okay. here's the plan.	Introduce
S04	E03	495	i'm sorry. i tried as hard as i could.	Apologise
S05	E16	400	that was so important you needed to read it	Advise
S04	E06	211	the bathroom is disgusting.	Complain
S04	E01	265	i'm gonna go back to work now	Leave
S04	E06	487	hey, amy, it's about that time.	Inform
S05	E08	195	oh, sorry.	Apologise
S06	E09	169	i think it was gonna be racist.	Complain
S04	E05	185	i want to feel deeply uncomfortable	Complain
S04	E14	386	he's always doing stuff with his hair.	Complain
S05	E21	8	close the door.	Arrange
S05	E11	463	and you're on the phone.	Joke
S05	E21	1	hey. just got an email from hr.	Inform
S06	E03	218	we're having an election.	Inform
S05	E20	474	mom is crushed because you cheated on her.	Criticize
S06	E09	537	oh, glenn, should you be drinking that with your diabetes?	Care
S05	E13	450	you have diabetes. you aren't even in control	Criticize
S05	E07	289	it's been two hours of this.	Complain
S04	E04	169	now i can't tune it out. it doesn't even make sense.	Complain
S05	E17	99	oh, wait, is everything okay?	Care
S05	E06	96	i guess i'll just be here all day watching you eat that.	Joke
S04	E16	328	hey, guys, how's it going over here?	Care
S05	E10	323	hey.	Greet
S06	E03	106	oh, jonah, that's wonderful.	Praise
S04	E03	275	excuse me, i've got to go stop the love.	Leave
S05	E15	215	you know, we could bring up some of our issues.	Advise
S05	E07	5	it just made me uncomfortable.	Complain
S05	E09	17	it's a nice fall day out there.	Praise
S05	E08	463	stop it, i can tell you don't believe it.	Prevent
S05	E09	295	cool. i learn so much from you.	Praise
S05	E08	154	could you stop ringing the bell for just a second?	Prevent
S04	E02	326	oh, this party's gonna be sick!	Praise
S06	E07	355	guys, i'm gonna be a little busy around 2:00 p.m. don't even ask me what i'm doing. it's private.	Flaunt
S05	E10	116	how's jonah doing out there? crushing it?	Care
S05	E11	119	you're making too big a deal out of this.	Criticize
S04	E08	101	that's awesome.	Praise
S04	E11	365	elias, there is definitely a cart out there.	Inform
S05	E16	197	it's a meme of indiana jones cracking his whip.	Introduce
S05	E06	455	amy, wait!	Prevent
S06	E04	449	seems great, but maybe we should set some ground rules.	Advise
S04	E09	365	attention shoppers: it's 10 degrees fahrenheit outside,so why not take home a frosty case of ice pops?	Inform
S05	E15	83	hey.	Greet
S05	E10	549	dina busted out the cart-jousting stuff.	Inform
S04	E16	391	running hard, water bad.	Joke
S05	E16	216	i mean, i feel kinda bad, but it's too much.	Complain
S05	E17	15	to the nearest dollar for charity.	Arrange
S05	E18	149	oh, my god. that would be amazing.	Praise
S05	E19	570	you guys are a little bit being like dicks right now.	Criticize
S05	E13	248	so--so put it all back, and make it bigger.	Arrange
S06	E03	12	why don't we all lead the meeting together?	Advise
S05	E12	170	human equivalent of a band-aid in a salad--	Joke
S04	E17	59	yeah, you guys, you're both so--so beautiful.	Praise
S06	E05	486	please report to the break room for pizza because apparently, now everyone gets pizza.	Inform
S05	E14	504	yeah, the internet has gotten so bad.	Complain
S05	E13	199	no, thank you, justine, for answering the question.	Thank
S05	E13	193	oh, okay. well, um, i have worked here	Introduce
S05	E07	87	i need someone to help me run my shoplifter rehab course.	Ask for help
S05	E07	6	i already have enough trouble	Complain
S05	E14	402	remember to moisturize, okay?	Advise
S05	E08	296	oh, okay, well, thank you.	Thank
S05	E19	288	i'm gonna go get some takis.	Leave
S04	E13	93	elias, i'm gonna need you to clean up the vomit that's gonna be all over the ladies' bathroom in about three minutes.	Arrange
S05	E18	386	oh, don't do that.	Prevent
S05	E20	24	my advice--don't get lost in the siblings.	Advise
S05	E13	341	oh, i'm sorry, sir.	Apologise
S04	E03	103	what if we made her employee of the month this month?	Advise
S05	E20	491	i'm really sorry.	Apologise
S05	E09	141	all right.	Leave
S05	E15	508	i'm not on board with--i didn't even know the diaper part.	Oppose
S04	E09	277	who would need 12,000 boxes of ice pops?	Complain
S05	E12	493	it's too late. you missed everything.	Criticize
S05	E15	192	like, cool. that's exciting.	Praise
S04	E01	247	nope, just recap the markers when they're done.	Arrange
S05	E09	505	uh, okay.	Agree
S05	E09	47	and bring it out to the customer.	Arrange
S06	E07	426	zephra can eat our ass meat.	Joke
S05	E17	160	ah, that sounds amazing!	Praise
S04	E03	358	that's interesting.	Praise
S05	E16	109	well, i'm a  stockroom rockstar.	Flaunt
S06	E04	545	ugh, this whole day sucks.	Complain
S06	E03	471	oh, that's cool.	Praise
S05	E13	258	okay, thank you, cheyenne.	Thank
S05	E11	185	that's a cash register.	Introduce
S05	E21	378	look, sandra, i gotta say something here.	Inform
S05	E10	360	all right, well, um, we have a power outage.	Inform
S06	E02	492	ohh, cheyenne, that's really sweet, thank you.	Thank
S05	E06	74	ah, see? there's always a catch.	Taunt
S04	E06	299	oh, i'm sorry.	Apologise
S05	E15	113	speaking of cereal, you sound just like tony the tiger.	Joke
S06	E04	396	this job is hard enough.	Complain
S05	E11	151	and i need a floor supervisor	Ask for help
S06	E03	458	glenn gave me ultimate executive power.	Flaunt
S04	E11	85	it lowers your blood pressure and increases your lifespan.	Introduce
